,antecedents,consequents,antecedent support,consequent support,support,confidence,lift,leverage,conviction,zhangs_metric
0,frozenset({'Captain Falcon'}),frozenset({'Falco'}),0.21052631578947367,0.3157894736842105,0.15789473684210525,0.75,2.375,0.09141274238227147,2.736842105263158,0.7333333333333334
1,frozenset({'Captain Falcon'}),frozenset({'Marth'}),0.21052631578947367,0.47368421052631576,0.15789473684210525,0.75,1.5833333333333335,0.05817174515235457,2.105263157894737,0.46666666666666673
2,frozenset({'Pikachu'}),frozenset({'Captain Falcon'}),0.05263157894736842,0.21052631578947367,0.05263157894736842,1.0,4.75,0.04155124653739612,inf,0.8333333333333333
3,frozenset({'Pikachu'}),frozenset({'Falco'}),0.05263157894736842,0.3157894736842105,0.05263157894736842,1.0,3.166666666666667,0.036011080332409975,inf,0.7222222222222222
4,frozenset({'Yoshi'}),frozenset({'Falco'}),0.05263157894736842,0.3157894736842105,0.05263157894736842,1.0,3.166666666666667,0.036011080332409975,inf,0.7222222222222222
5,frozenset({'Pikachu'}),frozenset({'Fox'}),0.05263157894736842,0.47368421052631576,0.05263157894736842,1.0,2.111111111111111,0.027700831024930747,inf,0.5555555555555555
6,frozenset({'Yoshi'}),frozenset({'Fox'}),0.05263157894736842,0.47368421052631576,0.05263157894736842,1.0,2.111111111111111,0.027700831024930747,inf,0.5555555555555555
7,frozenset({'Ice Climbers'}),frozenset({'Marth'}),0.05263157894736842,0.47368421052631576,0.05263157894736842,1.0,2.111111111111111,0.027700831024930747,inf,0.5555555555555555
8,frozenset({'Pikachu'}),frozenset({'Jigglypuff'}),0.05263157894736842,0.47368421052631576,0.05263157894736842,1.0,2.111111111111111,0.027700831024930747,inf,0.5555555555555555
9,frozenset({'Yoshi'}),frozenset({'Jigglypuff'}),0.05263157894736842,0.47368421052631576,0.05263157894736842,1.0,2.111111111111111,0.027700831024930747,inf,0.5555555555555555
10,frozenset({'Yoshi'}),frozenset({'Marth'}),0.05263157894736842,0.47368421052631576,0.05263157894736842,1.0,2.111111111111111,0.027700831024930747,inf,0.5555555555555555
11,"frozenset({'Fox', 'Captain Falcon'})",frozenset({'Falco'}),0.10526315789473684,0.3157894736842105,0.10526315789473684,1.0,3.166666666666667,0.07202216066481995,inf,0.7647058823529413
12,"frozenset({'Captain Falcon', 'Jigglypuff'})",frozenset({'Falco'}),0.10526315789473684,0.3157894736842105,0.10526315789473684,1.0,3.166666666666667,0.07202216066481995,inf,0.7647058823529413
13,"frozenset({'Pikachu', 'Captain Falcon'})",frozenset({'Falco'}),0.05263157894736842,0.3157894736842105,0.05263157894736842,1.0,3.166666666666667,0.036011080332409975,inf,0.7222222222222222
14,"frozenset({'Pikachu', 'Falco'})",frozenset({'Captain Falcon'}),0.05263157894736842,0.21052631578947367,0.05263157894736842,1.0,4.75,0.04155124653739612,inf,0.8333333333333333
15,frozenset({'Pikachu'}),"frozenset({'Captain Falcon', 'Falco'})",0.05263157894736842,0.15789473684210525,0.05263157894736842,1.0,6.333333333333334,0.0443213296398892,inf,0.8888888888888888
16,"frozenset({'Pikachu', 'Fox'})",frozenset({'Captain Falcon'}),0.05263157894736842,0.21052631578947367,0.05263157894736842,1.0,4.75,0.04155124653739612,inf,0.8333333333333333
17,"frozenset({'Pikachu', 'Captain Falcon'})",frozenset({'Fox'}),0.05263157894736842,0.47368421052631576,0.05263157894736842,1.0,2.111111111111111,0.027700831024930747,inf,0.5555555555555555
18,frozenset({'Pikachu'}),"frozenset({'Fox', 'Captain Falcon'})",0.05263157894736842,0.10526315789473684,0.05263157894736842,1.0,9.5,0.047091412742382266,inf,0.9444444444444443
19,"frozenset({'Pikachu', 'Captain Falcon'})",frozenset({'Jigglypuff'}),0.05263157894736842,0.47368421052631576,0.05263157894736842,1.0,2.111111111111111,0.027700831024930747,inf,0.5555555555555555
20,"frozenset({'Pikachu', 'Jigglypuff'})",frozenset({'Captain Falcon'}),0.05263157894736842,0.21052631578947367,0.05263157894736842,1.0,4.75,0.04155124653739612,inf,0.8333333333333333
21,frozenset({'Pikachu'}),"frozenset({'Captain Falcon', 'Jigglypuff'})",0.05263157894736842,0.10526315789473684,0.05263157894736842,1.0,9.5,0.047091412742382266,inf,0.9444444444444443
22,"frozenset({'Pikachu', 'Fox'})",frozenset({'Falco'}),0.05263157894736842,0.3157894736842105,0.05263157894736842,1.0,3.166666666666667,0.036011080332409975,inf,0.7222222222222222
23,"frozenset({'Pikachu', 'Falco'})",frozenset({'Fox'}),0.05263157894736842,0.47368421052631576,0.05263157894736842,1.0,2.111111111111111,0.027700831024930747,inf,0.5555555555555555
24,frozenset({'Pikachu'}),"frozenset({'Fox', 'Falco'})",0.05263157894736842,0.15789473684210525,0.05263157894736842,1.0,6.333333333333334,0.0443213296398892,inf,0.8888888888888888
25,"frozenset({'Yoshi', 'Fox'})",frozenset({'Falco'}),0.05263157894736842,0.3157894736842105,0.05263157894736842,1.0,3.166666666666667,0.036011080332409975,inf,0.7222222222222222
26,"frozenset({'Yoshi', 'Falco'})",frozenset({'Fox'}),0.05263157894736842,0.47368421052631576,0.05263157894736842,1.0,2.111111111111111,0.027700831024930747,inf,0.5555555555555555
27,frozenset({'Yoshi'}),"frozenset({'Fox', 'Falco'})",0.05263157894736842,0.15789473684210525,0.05263157894736842,1.0,6.333333333333334,0.0443213296398892,inf,0.8888888888888888
28,"frozenset({'Pikachu', 'Jigglypuff'})",frozenset({'Falco'}),0.05263157894736842,0.3157894736842105,0.05263157894736842,1.0,3.166666666666667,0.036011080332409975,inf,0.7222222222222222
29,"frozenset({'Pikachu', 'Falco'})",frozenset({'Jigglypuff'}),0.05263157894736842,0.47368421052631576,0.05263157894736842,1.0,2.111111111111111,0.027700831024930747,inf,0.5555555555555555
30,frozenset({'Pikachu'}),"frozenset({'Jigglypuff', 'Falco'})",0.05263157894736842,0.21052631578947367,0.05263157894736842,1.0,4.75,0.04155124653739612,inf,0.8333333333333333
31,"frozenset({'Yoshi', 'Jigglypuff'})",frozenset({'Falco'}),0.05263157894736842,0.3157894736842105,0.05263157894736842,1.0,3.166666666666667,0.036011080332409975,inf,0.7222222222222222
32,"frozenset({'Yoshi', 'Falco'})",frozenset({'Jigglypuff'}),0.05263157894736842,0.47368421052631576,0.05263157894736842,1.0,2.111111111111111,0.027700831024930747,inf,0.5555555555555555
33,frozenset({'Yoshi'}),"frozenset({'Jigglypuff', 'Falco'})",0.05263157894736842,0.21052631578947367,0.05263157894736842,1.0,4.75,0.04155124653739612,inf,0.8333333333333333
34,"frozenset({'Marth', 'Yoshi'})",frozenset({'Falco'}),0.05263157894736842,0.3157894736842105,0.05263157894736842,1.0,3.166666666666667,0.036011080332409975,inf,0.7222222222222222
35,"frozenset({'Yoshi', 'Falco'})",frozenset({'Marth'}),0.05263157894736842,0.47368421052631576,0.05263157894736842,1.0,2.111111111111111,0.027700831024930747,inf,0.5555555555555555
36,frozenset({'Yoshi'}),"frozenset({'Marth', 'Falco'})",0.05263157894736842,0.15789473684210525,0.05263157894736842,1.0,6.333333333333334,0.0443213296398892,inf,0.8888888888888888
37,"frozenset({'Jigglypuff', 'Peach'})",frozenset({'Fox'}),0.05263157894736842,0.47368421052631576,0.05263157894736842,1.0,2.111111111111111,0.027700831024930747,inf,0.5555555555555555
38,"frozenset({'Pikachu', 'Fox'})",frozenset({'Jigglypuff'}),0.05263157894736842,0.47368421052631576,0.05263157894736842,1.0,2.111111111111111,0.027700831024930747,inf,0.5555555555555555
39,"frozenset({'Pikachu', 'Jigglypuff'})",frozenset({'Fox'}),0.05263157894736842,0.47368421052631576,0.05263157894736842,1.0,2.111111111111111,0.027700831024930747,inf,0.5555555555555555
40,frozenset({'Pikachu'}),"frozenset({'Fox', 'Jigglypuff'})",0.05263157894736842,0.3157894736842105,0.05263157894736842,1.0,3.166666666666667,0.036011080332409975,inf,0.7222222222222222
41,"frozenset({'Yoshi', 'Fox'})",frozenset({'Jigglypuff'}),0.05263157894736842,0.47368421052631576,0.05263157894736842,1.0,2.111111111111111,0.027700831024930747,inf,0.5555555555555555
42,"frozenset({'Yoshi', 'Jigglypuff'})",frozenset({'Fox'}),0.05263157894736842,0.47368421052631576,0.05263157894736842,1.0,2.111111111111111,0.027700831024930747,inf,0.5555555555555555
43,frozenset({'Yoshi'}),"frozenset({'Fox', 'Jigglypuff'})",0.05263157894736842,0.3157894736842105,0.05263157894736842,1.0,3.166666666666667,0.036011080332409975,inf,0.7222222222222222
44,"frozenset({'Sheik', 'Fox'})",frozenset({'Marth'}),0.05263157894736842,0.47368421052631576,0.05263157894736842,1.0,2.111111111111111,0.027700831024930747,inf,0.5555555555555555
45,"frozenset({'Yoshi', 'Fox'})",frozenset({'Marth'}),0.05263157894736842,0.47368421052631576,0.05263157894736842,1.0,2.111111111111111,0.027700831024930747,inf,0.5555555555555555
46,"frozenset({'Yoshi', 'Marth'})",frozenset({'Fox'}),0.05263157894736842,0.47368421052631576,0.05263157894736842,1.0,2.111111111111111,0.027700831024930747,inf,0.5555555555555555
47,frozenset({'Yoshi'}),"frozenset({'Marth', 'Fox'})",0.05263157894736842,0.21052631578947367,0.05263157894736842,1.0,4.75,0.04155124653739612,inf,0.8333333333333333
48,"frozenset({'Yoshi', 'Marth'})",frozenset({'Jigglypuff'}),0.05263157894736842,0.47368421052631576,0.05263157894736842,1.0,2.111111111111111,0.027700831024930747,inf,0.5555555555555555
49,"frozenset({'Yoshi', 'Jigglypuff'})",frozenset({'Marth'}),0.05263157894736842,0.47368421052631576,0.05263157894736842,1.0,2.111111111111111,0.027700831024930747,inf,0.5555555555555555
50,frozenset({'Yoshi'}),"frozenset({'Marth', 'Jigglypuff'})",0.05263157894736842,0.15789473684210525,0.05263157894736842,1.0,6.333333333333334,0.0443213296398892,inf,0.8888888888888888
51,"frozenset({'Jigglypuff', 'Fox', 'Captain Falcon'})",frozenset({'Falco'}),0.05263157894736842,0.3157894736842105,0.05263157894736842,1.0,3.166666666666667,0.036011080332409975,inf,0.7222222222222222
52,"frozenset({'Marth', 'Fox', 'Captain Falcon'})",frozenset({'Falco'}),0.05263157894736842,0.3157894736842105,0.05263157894736842,1.0,3.166666666666667,0.036011080332409975,inf,0.7222222222222222
53,"frozenset({'Pikachu', 'Fox', 'Captain Falcon'})",frozenset({'Falco'}),0.05263157894736842,0.3157894736842105,0.05263157894736842,1.0,3.166666666666667,0.036011080332409975,inf,0.7222222222222222
54,"frozenset({'Pikachu', 'Fox', 'Falco'})",frozenset({'Captain Falcon'}),0.05263157894736842,0.21052631578947367,0.05263157894736842,1.0,4.75,0.04155124653739612,inf,0.8333333333333333
55,"frozenset({'Pikachu', 'Captain Falcon', 'Falco'})",frozenset({'Fox'}),0.05263157894736842,0.47368421052631576,0.05263157894736842,1.0,2.111111111111111,0.027700831024930747,inf,0.5555555555555555
56,"frozenset({'Pikachu', 'Fox'})","frozenset({'Captain Falcon', 'Falco'})",0.05263157894736842,0.15789473684210525,0.05263157894736842,1.0,6.333333333333334,0.0443213296398892,inf,0.8888888888888888
57,"frozenset({'Pikachu', 'Captain Falcon'})","frozenset({'Fox', 'Falco'})",0.05263157894736842,0.15789473684210525,0.05263157894736842,1.0,6.333333333333334,0.0443213296398892,inf,0.8888888888888888
58,"frozenset({'Pikachu', 'Falco'})","frozenset({'Fox', 'Captain Falcon'})",0.05263157894736842,0.10526315789473684,0.05263157894736842,1.0,9.5,0.047091412742382266,inf,0.9444444444444443
59,frozenset({'Pikachu'}),"frozenset({'Fox', 'Captain Falcon', 'Falco'})",0.05263157894736842,0.10526315789473684,0.05263157894736842,1.0,9.5,0.047091412742382266,inf,0.9444444444444443
60,"frozenset({'Marth', 'Captain Falcon', 'Jigglypuff'})",frozenset({'Falco'}),0.05263157894736842,0.3157894736842105,0.05263157894736842,1.0,3.166666666666667,0.036011080332409975,inf,0.7222222222222222
61,"frozenset({'Pikachu', 'Captain Falcon', 'Jigglypuff'})",frozenset({'Falco'}),0.05263157894736842,0.3157894736842105,0.05263157894736842,1.0,3.166666666666667,0.036011080332409975,inf,0.7222222222222222
62,"frozenset({'Pikachu', 'Captain Falcon', 'Falco'})",frozenset({'Jigglypuff'}),0.05263157894736842,0.47368421052631576,0.05263157894736842,1.0,2.111111111111111,0.027700831024930747,inf,0.5555555555555555
63,"frozenset({'Pikachu', 'Jigglypuff', 'Falco'})",frozenset({'Captain Falcon'}),0.05263157894736842,0.21052631578947367,0.05263157894736842,1.0,4.75,0.04155124653739612,inf,0.8333333333333333
64,"frozenset({'Pikachu', 'Captain Falcon'})","frozenset({'Jigglypuff', 'Falco'})",0.05263157894736842,0.21052631578947367,0.05263157894736842,1.0,4.75,0.04155124653739612,inf,0.8333333333333333
65,"frozenset({'Pikachu', 'Jigglypuff'})","frozenset({'Captain Falcon', 'Falco'})",0.05263157894736842,0.15789473684210525,0.05263157894736842,1.0,6.333333333333334,0.0443213296398892,inf,0.8888888888888888
66,"frozenset({'Pikachu', 'Falco'})","frozenset({'Captain Falcon', 'Jigglypuff'})",0.05263157894736842,0.10526315789473684,0.05263157894736842,1.0,9.5,0.047091412742382266,inf,0.9444444444444443
67,frozenset({'Pikachu'}),"frozenset({'Captain Falcon', 'Jigglypuff', 'Falco'})",0.05263157894736842,0.10526315789473684,0.05263157894736842,1.0,9.5,0.047091412742382266,inf,0.9444444444444443
68,"frozenset({'Pikachu', 'Fox', 'Captain Falcon'})",frozenset({'Jigglypuff'}),0.05263157894736842,0.47368421052631576,0.05263157894736842,1.0,2.111111111111111,0.027700831024930747,inf,0.5555555555555555
69,"frozenset({'Pikachu', 'Fox', 'Jigglypuff'})",frozenset({'Captain Falcon'}),0.05263157894736842,0.21052631578947367,0.05263157894736842,1.0,4.75,0.04155124653739612,inf,0.8333333333333333
70,"frozenset({'Pikachu', 'Captain Falcon', 'Jigglypuff'})",frozenset({'Fox'}),0.05263157894736842,0.47368421052631576,0.05263157894736842,1.0,2.111111111111111,0.027700831024930747,inf,0.5555555555555555
71,"frozenset({'Jigglypuff', 'Fox', 'Captain Falcon'})",frozenset({'Pikachu'}),0.05263157894736842,0.05263157894736842,0.05263157894736842,1.0,19.0,0.04986149584487534,inf,0.9999999999999999
72,"frozenset({'Pikachu', 'Fox'})","frozenset({'Captain Falcon', 'Jigglypuff'})",0.05263157894736842,0.10526315789473684,0.05263157894736842,1.0,9.5,0.047091412742382266,inf,0.9444444444444443
73,"frozenset({'Pikachu', 'Captain Falcon'})","frozenset({'Fox', 'Jigglypuff'})",0.05263157894736842,0.3157894736842105,0.05263157894736842,1.0,3.166666666666667,0.036011080332409975,inf,0.7222222222222222
74,"frozenset({'Pikachu', 'Jigglypuff'})","frozenset({'Fox', 'Captain Falcon'})",0.05263157894736842,0.10526315789473684,0.05263157894736842,1.0,9.5,0.047091412742382266,inf,0.9444444444444443
75,frozenset({'Pikachu'}),"frozenset({'Jigglypuff', 'Fox', 'Captain Falcon'})",0.05263157894736842,0.05263157894736842,0.05263157894736842,1.0,19.0,0.04986149584487534,inf,0.9999999999999999
76,"frozenset({'Pikachu', 'Fox', 'Jigglypuff'})",frozenset({'Falco'}),0.05263157894736842,0.3157894736842105,0.05263157894736842,1.0,3.166666666666667,0.036011080332409975,inf,0.7222222222222222
77,"frozenset({'Pikachu', 'Fox', 'Falco'})",frozenset({'Jigglypuff'}),0.05263157894736842,0.47368421052631576,0.05263157894736842,1.0,2.111111111111111,0.027700831024930747,inf,0.5555555555555555
78,"frozenset({'Pikachu', 'Jigglypuff', 'Falco'})",frozenset({'Fox'}),0.05263157894736842,0.47368421052631576,0.05263157894736842,1.0,2.111111111111111,0.027700831024930747,inf,0.5555555555555555
79,"frozenset({'Pikachu', 'Fox'})","frozenset({'Jigglypuff', 'Falco'})",0.05263157894736842,0.21052631578947367,0.05263157894736842,1.0,4.75,0.04155124653739612,inf,0.8333333333333333
80,"frozenset({'Pikachu', 'Jigglypuff'})","frozenset({'Fox', 'Falco'})",0.05263157894736842,0.15789473684210525,0.05263157894736842,1.0,6.333333333333334,0.0443213296398892,inf,0.8888888888888888
81,"frozenset({'Pikachu', 'Falco'})","frozenset({'Fox', 'Jigglypuff'})",0.05263157894736842,0.3157894736842105,0.05263157894736842,1.0,3.166666666666667,0.036011080332409975,inf,0.7222222222222222
82,frozenset({'Pikachu'}),"frozenset({'Fox', 'Jigglypuff', 'Falco'})",0.05263157894736842,0.10526315789473684,0.05263157894736842,1.0,9.5,0.047091412742382266,inf,0.9444444444444443
83,"frozenset({'Yoshi', 'Fox', 'Jigglypuff'})",frozenset({'Falco'}),0.05263157894736842,0.3157894736842105,0.05263157894736842,1.0,3.166666666666667,0.036011080332409975,inf,0.7222222222222222
84,"frozenset({'Yoshi', 'Fox', 'Falco'})",frozenset({'Jigglypuff'}),0.05263157894736842,0.47368421052631576,0.05263157894736842,1.0,2.111111111111111,0.027700831024930747,inf,0.5555555555555555
85,"frozenset({'Yoshi', 'Jigglypuff', 'Falco'})",frozenset({'Fox'}),0.05263157894736842,0.47368421052631576,0.05263157894736842,1.0,2.111111111111111,0.027700831024930747,inf,0.5555555555555555
86,"frozenset({'Yoshi', 'Fox'})","frozenset({'Jigglypuff', 'Falco'})",0.05263157894736842,0.21052631578947367,0.05263157894736842,1.0,4.75,0.04155124653739612,inf,0.8333333333333333
87,"frozenset({'Yoshi', 'Jigglypuff'})","frozenset({'Fox', 'Falco'})",0.05263157894736842,0.15789473684210525,0.05263157894736842,1.0,6.333333333333334,0.0443213296398892,inf,0.8888888888888888
88,"frozenset({'Yoshi', 'Falco'})","frozenset({'Fox', 'Jigglypuff'})",0.05263157894736842,0.3157894736842105,0.05263157894736842,1.0,3.166666666666667,0.036011080332409975,inf,0.7222222222222222
89,frozenset({'Yoshi'}),"frozenset({'Fox', 'Jigglypuff', 'Falco'})",0.05263157894736842,0.10526315789473684,0.05263157894736842,1.0,9.5,0.047091412742382266,inf,0.9444444444444443
90,"frozenset({'Marth', 'Yoshi', 'Fox'})",frozenset({'Falco'}),0.05263157894736842,0.3157894736842105,0.05263157894736842,1.0,3.166666666666667,0.036011080332409975,inf,0.7222222222222222
91,"frozenset({'Marth', 'Yoshi', 'Falco'})",frozenset({'Fox'}),0.05263157894736842,0.47368421052631576,0.05263157894736842,1.0,2.111111111111111,0.027700831024930747,inf,0.5555555555555555
92,"frozenset({'Yoshi', 'Fox', 'Falco'})",frozenset({'Marth'}),0.05263157894736842,0.47368421052631576,0.05263157894736842,1.0,2.111111111111111,0.027700831024930747,inf,0.5555555555555555
93,"frozenset({'Marth', 'Yoshi'})","frozenset({'Fox', 'Falco'})",0.05263157894736842,0.15789473684210525,0.05263157894736842,1.0,6.333333333333334,0.0443213296398892,inf,0.8888888888888888
94,"frozenset({'Yoshi', 'Fox'})","frozenset({'Marth', 'Falco'})",0.05263157894736842,0.15789473684210525,0.05263157894736842,1.0,6.333333333333334,0.0443213296398892,inf,0.8888888888888888
95,"frozenset({'Yoshi', 'Falco'})","frozenset({'Marth', 'Fox'})",0.05263157894736842,0.21052631578947367,0.05263157894736842,1.0,4.75,0.04155124653739612,inf,0.8333333333333333
96,frozenset({'Yoshi'}),"frozenset({'Marth', 'Fox', 'Falco'})",0.05263157894736842,0.10526315789473684,0.05263157894736842,1.0,9.5,0.047091412742382266,inf,0.9444444444444443
97,"frozenset({'Marth', 'Yoshi', 'Jigglypuff'})",frozenset({'Falco'}),0.05263157894736842,0.3157894736842105,0.05263157894736842,1.0,3.166666666666667,0.036011080332409975,inf,0.7222222222222222
98,"frozenset({'Marth', 'Yoshi', 'Falco'})",frozenset({'Jigglypuff'}),0.05263157894736842,0.47368421052631576,0.05263157894736842,1.0,2.111111111111111,0.027700831024930747,inf,0.5555555555555555
99,"frozenset({'Yoshi', 'Jigglypuff', 'Falco'})",frozenset({'Marth'}),0.05263157894736842,0.47368421052631576,0.05263157894736842,1.0,2.111111111111111,0.027700831024930747,inf,0.5555555555555555
100,"frozenset({'Marth', 'Yoshi'})","frozenset({'Jigglypuff', 'Falco'})",0.05263157894736842,0.21052631578947367,0.05263157894736842,1.0,4.75,0.04155124653739612,inf,0.8333333333333333
101,"frozenset({'Yoshi', 'Jigglypuff'})","frozenset({'Marth', 'Falco'})",0.05263157894736842,0.15789473684210525,0.05263157894736842,1.0,6.333333333333334,0.0443213296398892,inf,0.8888888888888888
102,"frozenset({'Yoshi', 'Falco'})","frozenset({'Marth', 'Jigglypuff'})",0.05263157894736842,0.15789473684210525,0.05263157894736842,1.0,6.333333333333334,0.0443213296398892,inf,0.8888888888888888
103,frozenset({'Yoshi'}),"frozenset({'Marth', 'Jigglypuff', 'Falco'})",0.05263157894736842,0.10526315789473684,0.05263157894736842,1.0,9.5,0.047091412742382266,inf,0.9444444444444443
104,"frozenset({'Yoshi', 'Fox', 'Marth'})",frozenset({'Jigglypuff'}),0.05263157894736842,0.47368421052631576,0.05263157894736842,1.0,2.111111111111111,0.027700831024930747,inf,0.5555555555555555
105,"frozenset({'Yoshi', 'Jigglypuff', 'Marth'})",frozenset({'Fox'}),0.05263157894736842,0.47368421052631576,0.05263157894736842,1.0,2.111111111111111,0.027700831024930747,inf,0.5555555555555555
106,"frozenset({'Yoshi', 'Fox', 'Jigglypuff'})",frozenset({'Marth'}),0.05263157894736842,0.47368421052631576,0.05263157894736842,1.0,2.111111111111111,0.027700831024930747,inf,0.5555555555555555
107,"frozenset({'Yoshi', 'Marth'})","frozenset({'Fox', 'Jigglypuff'})",0.05263157894736842,0.3157894736842105,0.05263157894736842,1.0,3.166666666666667,0.036011080332409975,inf,0.7222222222222222
108,"frozenset({'Yoshi', 'Fox'})","frozenset({'Marth', 'Jigglypuff'})",0.05263157894736842,0.15789473684210525,0.05263157894736842,1.0,6.333333333333334,0.0443213296398892,inf,0.8888888888888888
109,"frozenset({'Yoshi', 'Jigglypuff'})","frozenset({'Marth', 'Fox'})",0.05263157894736842,0.21052631578947367,0.05263157894736842,1.0,4.75,0.04155124653739612,inf,0.8333333333333333
110,frozenset({'Yoshi'}),"frozenset({'Marth', 'Fox', 'Jigglypuff'})",0.05263157894736842,0.10526315789473684,0.05263157894736842,1.0,9.5,0.047091412742382266,inf,0.9444444444444443
111,"frozenset({'Fox', 'Captain Falcon', 'Jigglypuff', 'Falco'})",frozenset({'Pikachu'}),0.05263157894736842,0.05263157894736842,0.05263157894736842,1.0,19.0,0.04986149584487534,inf,0.9999999999999999
112,"frozenset({'Pikachu', 'Captain Falcon', 'Jigglypuff', 'Falco'})",frozenset({'Fox'}),0.05263157894736842,0.47368421052631576,0.05263157894736842,1.0,2.111111111111111,0.027700831024930747,inf,0.5555555555555555
113,"frozenset({'Pikachu', 'Fox', 'Captain Falcon', 'Jigglypuff'})",frozenset({'Falco'}),0.05263157894736842,0.3157894736842105,0.05263157894736842,1.0,3.166666666666667,0.036011080332409975,inf,0.7222222222222222
114,"frozenset({'Pikachu', 'Fox', 'Jigglypuff', 'Falco'})",frozenset({'Captain Falcon'}),0.05263157894736842,0.21052631578947367,0.05263157894736842,1.0,4.75,0.04155124653739612,inf,0.8333333333333333
115,"frozenset({'Pikachu', 'Fox', 'Captain Falcon', 'Falco'})",frozenset({'Jigglypuff'}),0.05263157894736842,0.47368421052631576,0.05263157894736842,1.0,2.111111111111111,0.027700831024930747,inf,0.5555555555555555
116,"frozenset({'Fox', 'Captain Falcon', 'Jigglypuff'})","frozenset({'Pikachu', 'Falco'})",0.05263157894736842,0.05263157894736842,0.05263157894736842,1.0,19.0,0.04986149584487534,inf,0.9999999999999999
117,"frozenset({'Pikachu', 'Captain Falcon', 'Jigglypuff'})","frozenset({'Fox', 'Falco'})",0.05263157894736842,0.15789473684210525,0.05263157894736842,1.0,6.333333333333334,0.0443213296398892,inf,0.8888888888888888
118,"frozenset({'Pikachu', 'Jigglypuff', 'Falco'})","frozenset({'Fox', 'Captain Falcon'})",0.05263157894736842,0.10526315789473684,0.05263157894736842,1.0,9.5,0.047091412742382266,inf,0.9444444444444443
119,"frozenset({'Pikachu', 'Fox', 'Jigglypuff'})","frozenset({'Captain Falcon', 'Falco'})",0.05263157894736842,0.15789473684210525,0.05263157894736842,1.0,6.333333333333334,0.0443213296398892,inf,0.8888888888888888
120,"frozenset({'Pikachu', 'Captain Falcon', 'Falco'})","frozenset({'Fox', 'Jigglypuff'})",0.05263157894736842,0.3157894736842105,0.05263157894736842,1.0,3.166666666666667,0.036011080332409975,inf,0.7222222222222222
121,"frozenset({'Pikachu', 'Fox', 'Captain Falcon'})","frozenset({'Jigglypuff', 'Falco'})",0.05263157894736842,0.21052631578947367,0.05263157894736842,1.0,4.75,0.04155124653739612,inf,0.8333333333333333
122,"frozenset({'Pikachu', 'Fox', 'Falco'})","frozenset({'Captain Falcon', 'Jigglypuff'})",0.05263157894736842,0.10526315789473684,0.05263157894736842,1.0,9.5,0.047091412742382266,inf,0.9444444444444443
123,"frozenset({'Pikachu', 'Jigglypuff'})","frozenset({'Fox', 'Captain Falcon', 'Falco'})",0.05263157894736842,0.10526315789473684,0.05263157894736842,1.0,9.5,0.047091412742382266,inf,0.9444444444444443
124,"frozenset({'Pikachu', 'Captain Falcon'})","frozenset({'Fox', 'Jigglypuff', 'Falco'})",0.05263157894736842,0.10526315789473684,0.05263157894736842,1.0,9.5,0.047091412742382266,inf,0.9444444444444443
125,"frozenset({'Pikachu', 'Falco'})","frozenset({'Fox', 'Captain Falcon', 'Jigglypuff'})",0.05263157894736842,0.05263157894736842,0.05263157894736842,1.0,19.0,0.04986149584487534,inf,0.9999999999999999
126,"frozenset({'Pikachu', 'Fox'})","frozenset({'Captain Falcon', 'Jigglypuff', 'Falco'})",0.05263157894736842,0.10526315789473684,0.05263157894736842,1.0,9.5,0.047091412742382266,inf,0.9444444444444443
127,frozenset({'Pikachu'}),"frozenset({'Fox', 'Captain Falcon', 'Jigglypuff', 'Falco'})",0.05263157894736842,0.05263157894736842,0.05263157894736842,1.0,19.0,0.04986149584487534,inf,0.9999999999999999
128,"frozenset({'Marth', 'Yoshi', 'Jigglypuff', 'Falco'})",frozenset({'Fox'}),0.05263157894736842,0.47368421052631576,0.05263157894736842,1.0,2.111111111111111,0.027700831024930747,inf,0.5555555555555555
129,"frozenset({'Marth', 'Fox', 'Jigglypuff', 'Falco'})",frozenset({'Yoshi'}),0.05263157894736842,0.05263157894736842,0.05263157894736842,1.0,19.0,0.04986149584487534,inf,0.9999999999999999
130,"frozenset({'Marth', 'Yoshi', 'Fox', 'Jigglypuff'})",frozenset({'Falco'}),0.05263157894736842,0.3157894736842105,0.05263157894736842,1.0,3.166666666666667,0.036011080332409975,inf,0.7222222222222222
131,"frozenset({'Yoshi', 'Fox', 'Jigglypuff', 'Falco'})",frozenset({'Marth'}),0.05263157894736842,0.47368421052631576,0.05263157894736842,1.0,2.111111111111111,0.027700831024930747,inf,0.5555555555555555
132,"frozenset({'Marth', 'Yoshi', 'Fox', 'Falco'})",frozenset({'Jigglypuff'}),0.05263157894736842,0.47368421052631576,0.05263157894736842,1.0,2.111111111111111,0.027700831024930747,inf,0.5555555555555555
133,"frozenset({'Marth', 'Yoshi', 'Jigglypuff'})","frozenset({'Fox', 'Falco'})",0.05263157894736842,0.15789473684210525,0.05263157894736842,1.0,6.333333333333334,0.0443213296398892,inf,0.8888888888888888
134,"frozenset({'Yoshi', 'Jigglypuff', 'Falco'})","frozenset({'Marth', 'Fox'})",0.05263157894736842,0.21052631578947367,0.05263157894736842,1.0,4.75,0.04155124653739612,inf,0.8333333333333333
135,"frozenset({'Yoshi', 'Fox', 'Jigglypuff'})","frozenset({'Marth', 'Falco'})",0.05263157894736842,0.15789473684210525,0.05263157894736842,1.0,6.333333333333334,0.0443213296398892,inf,0.8888888888888888
136,"frozenset({'Marth', 'Yoshi', 'Falco'})","frozenset({'Fox', 'Jigglypuff'})",0.05263157894736842,0.3157894736842105,0.05263157894736842,1.0,3.166666666666667,0.036011080332409975,inf,0.7222222222222222
137,"frozenset({'Marth', 'Yoshi', 'Fox'})","frozenset({'Jigglypuff', 'Falco'})",0.05263157894736842,0.21052631578947367,0.05263157894736842,1.0,4.75,0.04155124653739612,inf,0.8333333333333333
138,"frozenset({'Yoshi', 'Fox', 'Falco'})","frozenset({'Marth', 'Jigglypuff'})",0.05263157894736842,0.15789473684210525,0.05263157894736842,1.0,6.333333333333334,0.0443213296398892,inf,0.8888888888888888
139,"frozenset({'Yoshi', 'Jigglypuff'})","frozenset({'Marth', 'Fox', 'Falco'})",0.05263157894736842,0.10526315789473684,0.05263157894736842,1.0,9.5,0.047091412742382266,inf,0.9444444444444443
140,"frozenset({'Marth', 'Yoshi'})","frozenset({'Fox', 'Jigglypuff', 'Falco'})",0.05263157894736842,0.10526315789473684,0.05263157894736842,1.0,9.5,0.047091412742382266,inf,0.9444444444444443
141,"frozenset({'Yoshi', 'Falco'})","frozenset({'Marth', 'Fox', 'Jigglypuff'})",0.05263157894736842,0.10526315789473684,0.05263157894736842,1.0,9.5,0.047091412742382266,inf,0.9444444444444443
142,"frozenset({'Yoshi', 'Fox'})","frozenset({'Marth', 'Jigglypuff', 'Falco'})",0.05263157894736842,0.10526315789473684,0.05263157894736842,1.0,9.5,0.047091412742382266,inf,0.9444444444444443
143,frozenset({'Yoshi'}),"frozenset({'Marth', 'Fox', 'Jigglypuff', 'Falco'})",0.05263157894736842,0.05263157894736842,0.05263157894736842,1.0,19.0,0.04986149584487534,inf,0.9999999999999999
